model,canonical_name,manufacturer,source_url,application_tags,hard_reference,required_source_description,required_source_features,required_source_specs,required_clean_media,manufacturer_block_last,stage_catalog_expected
HV-3101,Видеопроцессор HV-3101 Medinova,Medinova,https://endomarket.ru/products/videoprotsessor-hv-3101-medinova,Эндоскопия | Диагностика | Стационар,Нет,SOURCE_EXACT,SOURCE_EXACT,SOURCE_EXACT,SOURCE_EXACT,Да,113
AF,Гибкий видеобронхоскоп Medinova AF,Medinova,https://endomarket.ru/products/gibkij-videobronhoskop-medinova-af,Пульмонология | Бронхоскопия | Анестезиология | Реанимация,Нет,SOURCE_EXACT,SOURCE_EXACT,SOURCE_EXACT,SOURCE_EXACT,Да,113
BR-1231,Видеобронхоскоп BR-1231 Medinova,Medinova,https://endomarket.ru/products/gibkij-videobronhoskop-medinova,Пульмонология | Бронхоскопия | Анестезиология | Реанимация,Нет,SOURCE_EXACT,SOURCE_EXACT,SOURCE_EXACT,SOURCE_EXACT,Да,113
BR-1242,Видеобронхоскоп BR-1242 Medinova,Medinova,https://endomarket.ru/products/gibkij-videobronhoskop-medinova,Пульмонология | Бронхоскопия | Анестезиология | Реанимация,Нет,SOURCE_EXACT,SOURCE_EXACT,SOURCE_EXACT,SOURCE_EXACT,Да,113
BR-1249,Видеобронхоскоп BR-1249 Medinova,Medinova,https://endomarket.ru/products/gibkij-videobronhoskop-medinova,Пульмонология | Бронхоскопия | Анестезиология | Реанимация,Нет,SOURCE_EXACT,SOURCE_EXACT,SOURCE_EXACT,SOURCE_EXACT,Да,113
BR-1259,Видеобронхоскоп BR-1259 Medinova,Medinova,https://endomarket.ru/products/gibkij-videobronhoskop-medinova,Пульмонология | Бронхоскопия | Анестезиология | Реанимация,Нет,SOURCE_EXACT,SOURCE_EXACT,SOURCE_EXACT,SOURCE_EXACT,Да,113
UR-1328,Видеоуретерореноскоп UR-1328 Medinova,Medinova,https://endomarket.ru/products/gibkij-videouretroskop-medinova,Урология | Эндоурология | Диагностика,Да,SOURCE_EXACT,SOURCE_EXACT,6,4,Да,113
CY-1355,Видеоцистонефроскоп CY-1355 Medinova,Medinova,https://endomarket.ru/products/gibkij-videotsistonefroskop-medinova,Урология | Эндоурология | Диагностика,Да,SOURCE_EXACT,SOURCE_EXACT,6,3,Да,113
CY-1356,Видеоцистонефроскоп CY-1356 Medinova,Medinova,https://endomarket.ru/products/gibkij-videotsistonefroskop-medinova,Урология | Эндоурология | Диагностика,Да,SOURCE_EXACT,SOURCE_EXACT,6,3,Да,113
19 HD,"Медицинский монитор Medinova 19"" HD",Medinova,https://endomarket.ru/products/meditsinskij-monitor-medinova-19-hd,Эндоскопия | Операционная | Диагностика,Нет,SOURCE_EXACT,SOURCE_EXACT,SOURCE_EXACT,SOURCE_EXACT,Да,113
24 Full HD,"Медицинский монитор Medinova 24"" Full HD",Medinova,https://endomarket.ru/products/meditsinskij-monitor-medinova-24-full-hd,Эндоскопия | Операционная | Диагностика,Нет,SOURCE_EXACT,SOURCE_EXACT,SOURCE_EXACT,SOURCE_EXACT,Да,113
27 Full HD,"Медицинский монитор Medinova 27"" Full HD",Medinova,https://endomarket.ru/products/meditsinskij-monitor-medinova-27-full-hd,Эндоскопия | Операционная | Диагностика,Нет,SOURCE_EXACT,SOURCE_EXACT,SOURCE_EXACT,SOURCE_EXACT,Да,113
32 4K,"Медицинский монитор Medinova 32"" 4K",Medinova,https://endomarket.ru/products/meditsinskij-monitor-medinova-32-4k,Эндоскопия | Операционная | Диагностика,Нет,SOURCE_EXACT,SOURCE_EXACT,SOURCE_EXACT,SOURCE_EXACT,Да,113
55 4K,"Медицинский монитор Medinova 55"" 4K",Medinova,https://endomarket.ru/products/meditsinskij-monitor-medinova-55-4k,Эндоскопия | Операционная | Диагностика,Нет,SOURCE_EXACT,SOURCE_EXACT,SOURCE_EXACT,SOURCE_EXACT,Да,113
EG-UR5,Видеогастроскоп SonoScape EG-UR5,SonoScape,https://endomarket.ru/products/videogastroskop-sonoscape-eg-ur5,Гастроэнтерология | Эндоскопия | Диагностика,Нет,SOURCE_EXACT,SOURCE_EXACT,SOURCE_EXACT,SOURCE_EXACT,Да,113
EG-UC5T,Видеогастроскоп SonoScape EG-UC5T,SonoScape,https://endomarket.ru/products/videogastroskop-sonoscape-eg-uc5t,Гастроэнтерология | Эндоскопия | Диагностика,Нет,SOURCE_EXACT,SOURCE_EXACT,SOURCE_EXACT,SOURCE_EXACT,Да,113
EG-500,Видеогастроскоп SonoScape EG-500,SonoScape,https://endomarket.ru/products/videogastroskop-sonoscape-eg-500,Гастроэнтерология | Эндоскопия | Диагностика,Нет,SOURCE_EXACT,SOURCE_EXACT,SOURCE_EXACT,SOURCE_EXACT,Да,113
EG-500L,Видеогастроскоп SonoScape EG-500L,SonoScape,https://endomarket.ru/products/videogastroskop-sonoscape-eg-500l,Гастроэнтерология | Эндоскопия | Диагностика,Нет,SOURCE_EXACT,SOURCE_EXACT,SOURCE_EXACT,SOURCE_EXACT,Да,113
EG-430,Видеогастроскоп SonoScape EG-430,SonoScape,https://endomarket.ru/products/videogastroskop-sonoscape-eg-430,Гастроэнтерология | Эндоскопия | Диагностика,Да,SOURCE_EXACT,SOURCE_EXACT,10,3,Да,113
EG-430L,Видеогастроскоп SonoScape EG-430L,SonoScape,https://endomarket.ru/products/videogastroskop-sonoscape-eg-430l,Гастроэнтерология | Эндоскопия | Диагностика,Нет,SOURCE_EXACT,SOURCE_EXACT,SOURCE_EXACT,SOURCE_EXACT,Да,113
EC-500T,Видеоколоноскоп SonoScape EC-500T,SonoScape,https://endomarket.ru/products/videokolonoskop-sonoscape-es-500t,Колоноскопия | Эндоскопия | Диагностика,Нет,SOURCE_EXACT,SOURCE_EXACT,SOURCE_EXACT,SOURCE_EXACT,Да,113
EC-500L/T,Видеоколоноскоп SonoScape EC-500L/T,SonoScape,https://endomarket.ru/products/videokolonoskop-sonoscape-es-500lt,Колоноскопия | Эндоскопия | Диагностика,Нет,SOURCE_EXACT,SOURCE_EXACT,SOURCE_EXACT,SOURCE_EXACT,Да,113
EC-430T,Видеоколоноскоп SonoScape EC-430T,SonoScape,https://endomarket.ru/products/videokolonoskop-sonoscape-ec-430t,Колоноскопия | Эндоскопия | Диагностика,Да,SOURCE_EXACT,SOURCE_EXACT,10,3,Да,113
EC-430L/T,Видеоколоноскоп SonoScape EC-430L/T,SonoScape,https://endomarket.ru/products/videokolonoskop-sonoscape-ec-430lt,Колоноскопия | Эндоскопия | Диагностика,Да,SOURCE_EXACT,SOURCE_EXACT,8,3,Да,113
EB-5H20,Видеобронхоскоп SonoScape EB-5H20,SonoScape,https://endomarket.ru/products/videobronhoskop-sonoscape-eb-5h20,Пульмонология | Бронхоскопия | Анестезиология | Реанимация,Да,SOURCE_EXACT,SOURCE_EXACT,SOURCE_EXACT,4,Да,113
EB-5T28,Видеобронхоскоп SonoScape EB-5T28,SonoScape,https://endomarket.ru/products/videobronhoskop-sonoscape-eb-5t28,Пульмонология | Бронхоскопия | Анестезиология | Реанимация,Нет,SOURCE_EXACT,SOURCE_EXACT,SOURCE_EXACT,SOURCE_EXACT,Да,113
EB-500,Видеобронхоскоп SonoScape EB-500,SonoScape,https://endomarket.ru/products/videobronhoskop-sonoscape-eb-500,Пульмонология | Бронхоскопия | Анестезиология | Реанимация,Да,SOURCE_EXACT,6,7,3,Да,113
ED-5GT,Видеодуоденоскоп SonoScape ED-5GT,SonoScape,https://endomarket.ru/products/videoduodenoskop-sonoscape-ed-5gt,Гастроэнтерология | Эндоскопия | ЭРХПГ,Нет,SOURCE_EXACT,SOURCE_EXACT,SOURCE_EXACT,SOURCE_EXACT,Да,113
ENDO CLEAN-1000,Установка для мойки и дезинфекции ENDO CLEAN-1000 MEDINOVA,Medinova,https://endomarket.ru/products/ustanovka-dlya-mojki-i-dezinfektsii-endo-clean-1000-medinova,Эндоскопия | ЦСО,Да,SOURCE_EXACT,SOURCE_EXACT,SOURCE_EXACT,4,Да,113
ENDO CLEAN-2000,Установка для мойки и дезинфекции ENDO CLEAN-2000 MEDINOVA,Medinova,https://endomarket.ru/products/ustanovka-dlya-mojki-i-dezinfektsii-endo-clean-2000-medinova,Эндоскопия | ЦСО,Да,SOURCE_EXACT,SOURCE_EXACT,SOURCE_EXACT,7,Да,113
EC-5BD,Шкаф для сушки и хранения эндоскопов EC-5BD,Medinova,https://endomarket.ru/products/shkaf-dlya-sushki-i-hraneniya-endoskopov-ec-5bd,Эндоскопия | ЦСО,Да,SOURCE_EXACT,SOURCE_EXACT,6,8,Да,113
EC-10BD,Шкаф для сушки и хранения эндоскопов EC-10BD,Medinova,https://endomarket.ru/products/shkaf-dlya-sushki-i-hraneniya-endoskopov-ec-10bd,Эндоскопия | ЦСО,Да,SOURCE_EXACT,SOURCE_EXACT,6,8,Да,113
VIO + APC 2,Рабочая станция ERBE VIO с аргоновым модулем APC 2,ERBE,https://endomarket.ru/products/rabochaya-stantsiya-erbe-vio-s-argonovym-modulem-apc-2,Хирургия | Операционная | Эндоскопия,Нет,SOURCE_EXACT,SOURCE_EXACT,SOURCE_EXACT,SOURCE_EXACT,Да,113
VIO 200 S,Коагулятор ERBE VIO 200 S,ERBE,https://endomarket.ru/products/koagulyator-erbe-vio-200-s,Хирургия | Операционная | Эндоскопия,Да,SOURCE_EXACT,SOURCE_EXACT,9,SOURCE_EXACT,Да,113
VIO 200 D,Коагулятор ERBE VIO 200 D,ERBE,https://endomarket.ru/products/koagulyator-erbe-vio-200-d,Хирургия | Операционная | Эндоскопия,Нет,SOURCE_EXACT,SOURCE_EXACT,SOURCE_EXACT,SOURCE_EXACT,Да,113
VIO 3,Коагулятор ERBE VIO 3,ERBE,https://endomarket.ru/products/koagulyator-erbe-vio-3,Хирургия | Операционная | Эндоскопия,Нет,SOURCE_EXACT,SOURCE_EXACT,SOURCE_EXACT,SOURCE_EXACT,Да,113
ARC 303,Электрохирургический аппарат ARC 303,BOWA,https://endomarket.ru/products/elektrohirurgicheskij-apparat-arc-303,Хирургия | Операционная | Эндоскопия,Да,SOURCE_EXACT,SOURCE_EXACT,15,2,Да,113
ARC 350,Электрохирургический аппарат ARC 350,BOWA,https://endomarket.ru/products/elektrohirurgicheskij-apparat-arc-350,Хирургия | Операционная | Эндоскопия,Да,SOURCE_EXACT,SOURCE_EXACT,15,2,Да,113
ARC 400,Электрохирургический аппарат ARC 400,BOWA,https://endomarket.ru/products/elektrohirurgicheskij-apparat-arc-400,Хирургия | Операционная | Эндоскопия,Да,SOURCE_EXACT,SOURCE_EXACT,17,3,Да,113
iLivTouch,Аппарат для диагностики печени iLivTouch,iLivTouch,https://endomarket.ru/products/apparat-dlya-diagnostiki-pecheni-ilivtouch,Диагностика | Гастроэнтерология,Да,SOURCE_EXACT,SOURCE_EXACT,SOURCE_EXACT,2,Да,113
KS-350,Смотровой стол МЕТ KS-350,MET,https://endomarket.ru/products/smotrovoj-stol-met-ks-350,Медицинский кабинет | Диагностика,Нет,SOURCE_EXACT,SOURCE_EXACT,SOURCE_EXACT,SOURCE_EXACT,Да,113
1 электропривод,Кушетка электромеханическая ZERTS с 1 эл. приводом,ZERTS,https://endomarket.ru/products/kushetka-elektromehanicheskaya-zerts,Медицинский кабинет | Диагностика,Да,SOURCE_EXACT,SOURCE_EXACT,6,2,Да,113
