cluster,priority,intent,query,target_page,notes
Видеоэндоскопические системы,P0,exact-model,medinova hv-3101,Product Detail: Видеопроцессор HV-3101 Medinova,
Видеоэндоскопические системы,P0,commercial-model,medinova hv-3101 купить,Product Detail: Видеопроцессор HV-3101 Medinova,
Видеоэндоскопические системы,P0,commercial-model,medinova hv-3101 цена,Product Detail: Видеопроцессор HV-3101 Medinova,
Видеоэндоскопические системы,P0,research-model,hv-3101 характеристики,Product Detail: Видеопроцессор HV-3101 Medinova,
Видеобронхоскопы,P0,exact-model,medinova af,Product Detail: Гибкий видеобронхоскоп Medinova AF,
Видеобронхоскопы,P0,commercial-model,medinova af купить,Product Detail: Гибкий видеобронхоскоп Medinova AF,
Видеобронхоскопы,P0,commercial-model,medinova af цена,Product Detail: Гибкий видеобронхоскоп Medinova AF,
Видеобронхоскопы,P0,research-model,af характеристики,Product Detail: Гибкий видеобронхоскоп Medinova AF,
Видеобронхоскопы,P0,exact-model,medinova br-1231,Product Detail: Видеобронхоскоп BR-1231 Medinova,
Видеобронхоскопы,P0,commercial-model,medinova br-1231 купить,Product Detail: Видеобронхоскоп BR-1231 Medinova,
Видеобронхоскопы,P0,commercial-model,medinova br-1231 цена,Product Detail: Видеобронхоскоп BR-1231 Medinova,
Видеобронхоскопы,P0,research-model,br-1231 характеристики,Product Detail: Видеобронхоскоп BR-1231 Medinova,
Видеобронхоскопы,P0,exact-model,medinova br-1242,Product Detail: Видеобронхоскоп BR-1242 Medinova,
Видеобронхоскопы,P0,commercial-model,medinova br-1242 купить,Product Detail: Видеобронхоскоп BR-1242 Medinova,
Видеобронхоскопы,P0,commercial-model,medinova br-1242 цена,Product Detail: Видеобронхоскоп BR-1242 Medinova,
Видеобронхоскопы,P0,research-model,br-1242 характеристики,Product Detail: Видеобронхоскоп BR-1242 Medinova,
Видеобронхоскопы,P0,exact-model,medinova br-1249,Product Detail: Видеобронхоскоп BR-1249 Medinova,
Видеобронхоскопы,P0,commercial-model,medinova br-1249 купить,Product Detail: Видеобронхоскоп BR-1249 Medinova,
Видеобронхоскопы,P0,commercial-model,medinova br-1249 цена,Product Detail: Видеобронхоскоп BR-1249 Medinova,
Видеобронхоскопы,P0,research-model,br-1249 характеристики,Product Detail: Видеобронхоскоп BR-1249 Medinova,
Видеобронхоскопы,P0,exact-model,medinova br-1259,Product Detail: Видеобронхоскоп BR-1259 Medinova,
Видеобронхоскопы,P0,commercial-model,medinova br-1259 купить,Product Detail: Видеобронхоскоп BR-1259 Medinova,
Видеобронхоскопы,P0,commercial-model,medinova br-1259 цена,Product Detail: Видеобронхоскоп BR-1259 Medinova,
Видеобронхоскопы,P0,research-model,br-1259 характеристики,Product Detail: Видеобронхоскоп BR-1259 Medinova,
Видеоуретроскопы,P1,exact-model,medinova ur-1328,Product Detail: Видеоуретерореноскоп UR-1328 Medinova,
Видеоуретроскопы,P1,commercial-model,medinova ur-1328 купить,Product Detail: Видеоуретерореноскоп UR-1328 Medinova,
Видеоуретроскопы,P1,commercial-model,medinova ur-1328 цена,Product Detail: Видеоуретерореноскоп UR-1328 Medinova,
Видеоуретроскопы,P1,research-model,ur-1328 характеристики,Product Detail: Видеоуретерореноскоп UR-1328 Medinova,
Видеоцистоскопы,P1,exact-model,medinova cy-1355,Product Detail: Видеоцистонефроскоп CY-1355 Medinova,
Видеоцистоскопы,P1,commercial-model,medinova cy-1355 купить,Product Detail: Видеоцистонефроскоп CY-1355 Medinova,
Видеоцистоскопы,P1,commercial-model,medinova cy-1355 цена,Product Detail: Видеоцистонефроскоп CY-1355 Medinova,
Видеоцистоскопы,P1,research-model,cy-1355 характеристики,Product Detail: Видеоцистонефроскоп CY-1355 Medinova,
Видеоцистоскопы,P1,exact-model,medinova cy-1356,Product Detail: Видеоцистонефроскоп CY-1356 Medinova,
Видеоцистоскопы,P1,commercial-model,medinova cy-1356 купить,Product Detail: Видеоцистонефроскоп CY-1356 Medinova,
Видеоцистоскопы,P1,commercial-model,medinova cy-1356 цена,Product Detail: Видеоцистонефроскоп CY-1356 Medinova,
Видеоцистоскопы,P1,research-model,cy-1356 характеристики,Product Detail: Видеоцистонефроскоп CY-1356 Medinova,
Медицинские мониторы,P1,exact-model,medinova 19 hd,"Product Detail: Медицинский монитор Medinova 19"" HD",
Медицинские мониторы,P1,commercial-model,medinova 19 hd купить,"Product Detail: Медицинский монитор Medinova 19"" HD",
Медицинские мониторы,P1,commercial-model,medinova 19 hd цена,"Product Detail: Медицинский монитор Medinova 19"" HD",
Медицинские мониторы,P1,research-model,19 hd характеристики,"Product Detail: Медицинский монитор Medinova 19"" HD",
Медицинские мониторы,P1,exact-model,medinova 24 full hd,"Product Detail: Медицинский монитор Medinova 24"" Full HD",
Медицинские мониторы,P1,commercial-model,medinova 24 full hd купить,"Product Detail: Медицинский монитор Medinova 24"" Full HD",
Медицинские мониторы,P1,commercial-model,medinova 24 full hd цена,"Product Detail: Медицинский монитор Medinova 24"" Full HD",
Медицинские мониторы,P1,research-model,24 full hd характеристики,"Product Detail: Медицинский монитор Medinova 24"" Full HD",
Медицинские мониторы,P1,exact-model,medinova 27 full hd,"Product Detail: Медицинский монитор Medinova 27"" Full HD",
Медицинские мониторы,P1,commercial-model,medinova 27 full hd купить,"Product Detail: Медицинский монитор Medinova 27"" Full HD",
Медицинские мониторы,P1,commercial-model,medinova 27 full hd цена,"Product Detail: Медицинский монитор Medinova 27"" Full HD",
Медицинские мониторы,P1,research-model,27 full hd характеристики,"Product Detail: Медицинский монитор Medinova 27"" Full HD",
Медицинские мониторы,P1,exact-model,medinova 32 4k,"Product Detail: Медицинский монитор Medinova 32"" 4K",
Медицинские мониторы,P1,commercial-model,medinova 32 4k купить,"Product Detail: Медицинский монитор Medinova 32"" 4K",
Медицинские мониторы,P1,commercial-model,medinova 32 4k цена,"Product Detail: Медицинский монитор Medinova 32"" 4K",
Медицинские мониторы,P1,research-model,32 4k характеристики,"Product Detail: Медицинский монитор Medinova 32"" 4K",
Медицинские мониторы,P1,exact-model,medinova 55 4k,"Product Detail: Медицинский монитор Medinova 55"" 4K",
Медицинские мониторы,P1,commercial-model,medinova 55 4k купить,"Product Detail: Медицинский монитор Medinova 55"" 4K",
Медицинские мониторы,P1,commercial-model,medinova 55 4k цена,"Product Detail: Медицинский монитор Medinova 55"" 4K",
Медицинские мониторы,P1,research-model,55 4k характеристики,"Product Detail: Медицинский монитор Medinova 55"" 4K",
Видеогастроскопы,P1,exact-model,sonoscape eg-ur5,Product Detail: Видеогастроскоп SonoScape EG-UR5,
Видеогастроскопы,P1,commercial-model,sonoscape eg-ur5 купить,Product Detail: Видеогастроскоп SonoScape EG-UR5,
Видеогастроскопы,P1,commercial-model,sonoscape eg-ur5 цена,Product Detail: Видеогастроскоп SonoScape EG-UR5,
Видеогастроскопы,P1,research-model,eg-ur5 характеристики,Product Detail: Видеогастроскоп SonoScape EG-UR5,
Видеогастроскопы,P1,exact-model,sonoscape eg-uc5t,Product Detail: Видеогастроскоп SonoScape EG-UC5T,
Видеогастроскопы,P1,commercial-model,sonoscape eg-uc5t купить,Product Detail: Видеогастроскоп SonoScape EG-UC5T,
Видеогастроскопы,P1,commercial-model,sonoscape eg-uc5t цена,Product Detail: Видеогастроскоп SonoScape EG-UC5T,
Видеогастроскопы,P1,research-model,eg-uc5t характеристики,Product Detail: Видеогастроскоп SonoScape EG-UC5T,
Видеогастроскопы,P1,exact-model,sonoscape eg-500,Product Detail: Видеогастроскоп SonoScape EG-500,
Видеогастроскопы,P1,commercial-model,sonoscape eg-500 купить,Product Detail: Видеогастроскоп SonoScape EG-500,
Видеогастроскопы,P1,commercial-model,sonoscape eg-500 цена,Product Detail: Видеогастроскоп SonoScape EG-500,
Видеогастроскопы,P1,research-model,eg-500 характеристики,Product Detail: Видеогастроскоп SonoScape EG-500,
Видеогастроскопы,P1,exact-model,sonoscape eg-500l,Product Detail: Видеогастроскоп SonoScape EG-500L,
Видеогастроскопы,P1,commercial-model,sonoscape eg-500l купить,Product Detail: Видеогастроскоп SonoScape EG-500L,
Видеогастроскопы,P1,commercial-model,sonoscape eg-500l цена,Product Detail: Видеогастроскоп SonoScape EG-500L,
Видеогастроскопы,P1,research-model,eg-500l характеристики,Product Detail: Видеогастроскоп SonoScape EG-500L,
Видеогастроскопы,P1,exact-model,sonoscape eg-430,Product Detail: Видеогастроскоп SonoScape EG-430,
Видеогастроскопы,P1,commercial-model,sonoscape eg-430 купить,Product Detail: Видеогастроскоп SonoScape EG-430,
Видеогастроскопы,P1,commercial-model,sonoscape eg-430 цена,Product Detail: Видеогастроскоп SonoScape EG-430,
Видеогастроскопы,P1,research-model,eg-430 характеристики,Product Detail: Видеогастроскоп SonoScape EG-430,
Видеогастроскопы,P1,exact-model,sonoscape eg-430l,Product Detail: Видеогастроскоп SonoScape EG-430L,
Видеогастроскопы,P1,commercial-model,sonoscape eg-430l купить,Product Detail: Видеогастроскоп SonoScape EG-430L,
Видеогастроскопы,P1,commercial-model,sonoscape eg-430l цена,Product Detail: Видеогастроскоп SonoScape EG-430L,
Видеогастроскопы,P1,research-model,eg-430l характеристики,Product Detail: Видеогастроскоп SonoScape EG-430L,
Видеоколоноскопы,P1,exact-model,sonoscape ec-500t,Product Detail: Видеоколоноскоп SonoScape EC-500T,
Видеоколоноскопы,P1,commercial-model,sonoscape ec-500t купить,Product Detail: Видеоколоноскоп SonoScape EC-500T,
Видеоколоноскопы,P1,commercial-model,sonoscape ec-500t цена,Product Detail: Видеоколоноскоп SonoScape EC-500T,
Видеоколоноскопы,P1,research-model,ec-500t характеристики,Product Detail: Видеоколоноскоп SonoScape EC-500T,
Видеоколоноскопы,P1,exact-model,sonoscape ec-500l/t,Product Detail: Видеоколоноскоп SonoScape EC-500L/T,
Видеоколоноскопы,P1,commercial-model,sonoscape ec-500l/t купить,Product Detail: Видеоколоноскоп SonoScape EC-500L/T,
Видеоколоноскопы,P1,commercial-model,sonoscape ec-500l/t цена,Product Detail: Видеоколоноскоп SonoScape EC-500L/T,
Видеоколоноскопы,P1,research-model,ec-500l/t характеристики,Product Detail: Видеоколоноскоп SonoScape EC-500L/T,
Видеоколоноскопы,P1,exact-model,sonoscape ec-430t,Product Detail: Видеоколоноскоп SonoScape EC-430T,
Видеоколоноскопы,P1,commercial-model,sonoscape ec-430t купить,Product Detail: Видеоколоноскоп SonoScape EC-430T,
Видеоколоноскопы,P1,commercial-model,sonoscape ec-430t цена,Product Detail: Видеоколоноскоп SonoScape EC-430T,
Видеоколоноскопы,P1,research-model,ec-430t характеристики,Product Detail: Видеоколоноскоп SonoScape EC-430T,
Видеоколоноскопы,P1,exact-model,sonoscape ec-430l/t,Product Detail: Видеоколоноскоп SonoScape EC-430L/T,
Видеоколоноскопы,P1,commercial-model,sonoscape ec-430l/t купить,Product Detail: Видеоколоноскоп SonoScape EC-430L/T,
Видеоколоноскопы,P1,commercial-model,sonoscape ec-430l/t цена,Product Detail: Видеоколоноскоп SonoScape EC-430L/T,
Видеоколоноскопы,P1,research-model,ec-430l/t характеристики,Product Detail: Видеоколоноскоп SonoScape EC-430L/T,
Видеобронхоскопы,P0,exact-model,sonoscape eb-5h20,Product Detail: Видеобронхоскоп SonoScape EB-5H20,
Видеобронхоскопы,P0,commercial-model,sonoscape eb-5h20 купить,Product Detail: Видеобронхоскоп SonoScape EB-5H20,
Видеобронхоскопы,P0,commercial-model,sonoscape eb-5h20 цена,Product Detail: Видеобронхоскоп SonoScape EB-5H20,
Видеобронхоскопы,P0,research-model,eb-5h20 характеристики,Product Detail: Видеобронхоскоп SonoScape EB-5H20,
Видеобронхоскопы,P0,exact-model,sonoscape eb-5t28,Product Detail: Видеобронхоскоп SonoScape EB-5T28,
Видеобронхоскопы,P0,commercial-model,sonoscape eb-5t28 купить,Product Detail: Видеобронхоскоп SonoScape EB-5T28,
Видеобронхоскопы,P0,commercial-model,sonoscape eb-5t28 цена,Product Detail: Видеобронхоскоп SonoScape EB-5T28,
Видеобронхоскопы,P0,research-model,eb-5t28 характеристики,Product Detail: Видеобронхоскоп SonoScape EB-5T28,
Видеобронхоскопы,P0,exact-model,sonoscape eb-500,Product Detail: Видеобронхоскоп SonoScape EB-500,
Видеобронхоскопы,P0,commercial-model,sonoscape eb-500 купить,Product Detail: Видеобронхоскоп SonoScape EB-500,
Видеобронхоскопы,P0,commercial-model,sonoscape eb-500 цена,Product Detail: Видеобронхоскоп SonoScape EB-500,
Видеобронхоскопы,P0,research-model,eb-500 характеристики,Product Detail: Видеобронхоскоп SonoScape EB-500,
Видеодуоденоскопы,P1,exact-model,sonoscape ed-5gt,Product Detail: Видеодуоденоскоп SonoScape ED-5GT,
Видеодуоденоскопы,P1,commercial-model,sonoscape ed-5gt купить,Product Detail: Видеодуоденоскоп SonoScape ED-5GT,
Видеодуоденоскопы,P1,commercial-model,sonoscape ed-5gt цена,Product Detail: Видеодуоденоскоп SonoScape ED-5GT,
Видеодуоденоскопы,P1,research-model,ed-5gt характеристики,Product Detail: Видеодуоденоскоп SonoScape ED-5GT,
Оборудование для дезинфекции,P1,exact-model,medinova endo clean-1000,Product Detail: Установка для мойки и дезинфекции ENDO CLEAN-1000 MEDINOVA,
Оборудование для дезинфекции,P1,commercial-model,medinova endo clean-1000 купить,Product Detail: Установка для мойки и дезинфекции ENDO CLEAN-1000 MEDINOVA,
Оборудование для дезинфекции,P1,commercial-model,medinova endo clean-1000 цена,Product Detail: Установка для мойки и дезинфекции ENDO CLEAN-1000 MEDINOVA,
Оборудование для дезинфекции,P1,research-model,endo clean-1000 характеристики,Product Detail: Установка для мойки и дезинфекции ENDO CLEAN-1000 MEDINOVA,
Оборудование для дезинфекции,P1,exact-model,medinova endo clean-2000,Product Detail: Установка для мойки и дезинфекции ENDO CLEAN-2000 MEDINOVA,
Оборудование для дезинфекции,P1,commercial-model,medinova endo clean-2000 купить,Product Detail: Установка для мойки и дезинфекции ENDO CLEAN-2000 MEDINOVA,
Оборудование для дезинфекции,P1,commercial-model,medinova endo clean-2000 цена,Product Detail: Установка для мойки и дезинфекции ENDO CLEAN-2000 MEDINOVA,
Оборудование для дезинфекции,P1,research-model,endo clean-2000 характеристики,Product Detail: Установка для мойки и дезинфекции ENDO CLEAN-2000 MEDINOVA,
Системы хранения,P1,exact-model,medinova ec-5bd,Product Detail: Шкаф для сушки и хранения эндоскопов EC-5BD,
Системы хранения,P1,commercial-model,medinova ec-5bd купить,Product Detail: Шкаф для сушки и хранения эндоскопов EC-5BD,
Системы хранения,P1,commercial-model,medinova ec-5bd цена,Product Detail: Шкаф для сушки и хранения эндоскопов EC-5BD,
Системы хранения,P1,research-model,ec-5bd характеристики,Product Detail: Шкаф для сушки и хранения эндоскопов EC-5BD,
Системы хранения,P1,exact-model,medinova ec-10bd,Product Detail: Шкаф для сушки и хранения эндоскопов EC-10BD,
Системы хранения,P1,commercial-model,medinova ec-10bd купить,Product Detail: Шкаф для сушки и хранения эндоскопов EC-10BD,
Системы хранения,P1,commercial-model,medinova ec-10bd цена,Product Detail: Шкаф для сушки и хранения эндоскопов EC-10BD,
Системы хранения,P1,research-model,ec-10bd характеристики,Product Detail: Шкаф для сушки и хранения эндоскопов EC-10BD,
Электрохирургические блоки,P1,exact-model,erbe vio + apc 2,Product Detail: Рабочая станция ERBE VIO с аргоновым модулем APC 2,
Электрохирургические блоки,P1,commercial-model,erbe vio + apc 2 купить,Product Detail: Рабочая станция ERBE VIO с аргоновым модулем APC 2,
Электрохирургические блоки,P1,commercial-model,erbe vio + apc 2 цена,Product Detail: Рабочая станция ERBE VIO с аргоновым модулем APC 2,
Электрохирургические блоки,P1,research-model,vio + apc 2 характеристики,Product Detail: Рабочая станция ERBE VIO с аргоновым модулем APC 2,
Электрохирургические блоки,P1,exact-model,erbe vio 200 s,Product Detail: Коагулятор ERBE VIO 200 S,
Электрохирургические блоки,P1,commercial-model,erbe vio 200 s купить,Product Detail: Коагулятор ERBE VIO 200 S,
Электрохирургические блоки,P1,commercial-model,erbe vio 200 s цена,Product Detail: Коагулятор ERBE VIO 200 S,
Электрохирургические блоки,P1,research-model,vio 200 s характеристики,Product Detail: Коагулятор ERBE VIO 200 S,
Электрохирургические блоки,P1,exact-model,erbe vio 200 d,Product Detail: Коагулятор ERBE VIO 200 D,
Электрохирургические блоки,P1,commercial-model,erbe vio 200 d купить,Product Detail: Коагулятор ERBE VIO 200 D,
Электрохирургические блоки,P1,commercial-model,erbe vio 200 d цена,Product Detail: Коагулятор ERBE VIO 200 D,
Электрохирургические блоки,P1,research-model,vio 200 d характеристики,Product Detail: Коагулятор ERBE VIO 200 D,
Электрохирургические блоки,P1,exact-model,erbe vio 3,Product Detail: Коагулятор ERBE VIO 3,
Электрохирургические блоки,P1,commercial-model,erbe vio 3 купить,Product Detail: Коагулятор ERBE VIO 3,
Электрохирургические блоки,P1,commercial-model,erbe vio 3 цена,Product Detail: Коагулятор ERBE VIO 3,
Электрохирургические блоки,P1,research-model,vio 3 характеристики,Product Detail: Коагулятор ERBE VIO 3,
Электрохирургические блоки,P1,exact-model,bowa arc 303,Product Detail: Электрохирургический аппарат ARC 303,
Электрохирургические блоки,P1,commercial-model,bowa arc 303 купить,Product Detail: Электрохирургический аппарат ARC 303,
Электрохирургические блоки,P1,commercial-model,bowa arc 303 цена,Product Detail: Электрохирургический аппарат ARC 303,
Электрохирургические блоки,P1,research-model,arc 303 характеристики,Product Detail: Электрохирургический аппарат ARC 303,
Электрохирургические блоки,P1,exact-model,bowa arc 350,Product Detail: Электрохирургический аппарат ARC 350,
Электрохирургические блоки,P1,commercial-model,bowa arc 350 купить,Product Detail: Электрохирургический аппарат ARC 350,
Электрохирургические блоки,P1,commercial-model,bowa arc 350 цена,Product Detail: Электрохирургический аппарат ARC 350,
Электрохирургические блоки,P1,research-model,arc 350 характеристики,Product Detail: Электрохирургический аппарат ARC 350,
Электрохирургические блоки,P1,exact-model,bowa arc 400,Product Detail: Электрохирургический аппарат ARC 400,
Электрохирургические блоки,P1,commercial-model,bowa arc 400 купить,Product Detail: Электрохирургический аппарат ARC 400,
Электрохирургические блоки,P1,commercial-model,bowa arc 400 цена,Product Detail: Электрохирургический аппарат ARC 400,
Электрохирургические блоки,P1,research-model,arc 400 характеристики,Product Detail: Электрохирургический аппарат ARC 400,
Прочее оборудование,P1,exact-model,ilivtouch ilivtouch,Product Detail: Аппарат для диагностики печени iLivTouch,
Прочее оборудование,P1,commercial-model,ilivtouch ilivtouch купить,Product Detail: Аппарат для диагностики печени iLivTouch,
Прочее оборудование,P1,commercial-model,ilivtouch ilivtouch цена,Product Detail: Аппарат для диагностики печени iLivTouch,
Прочее оборудование,P1,research-model,ilivtouch характеристики,Product Detail: Аппарат для диагностики печени iLivTouch,
Прочее оборудование,P1,exact-model,met ks-350,Product Detail: Смотровой стол МЕТ KS-350,
Прочее оборудование,P1,commercial-model,met ks-350 купить,Product Detail: Смотровой стол МЕТ KS-350,
Прочее оборудование,P1,commercial-model,met ks-350 цена,Product Detail: Смотровой стол МЕТ KS-350,
Прочее оборудование,P1,research-model,ks-350 характеристики,Product Detail: Смотровой стол МЕТ KS-350,
Прочее оборудование,P1,exact-model,zerts 1 электропривод,Product Detail: Кушетка электромеханическая ZERTS с 1 эл. приводом,
Прочее оборудование,P1,commercial-model,zerts 1 электропривод купить,Product Detail: Кушетка электромеханическая ZERTS с 1 эл. приводом,
Прочее оборудование,P1,commercial-model,zerts 1 электропривод цена,Product Detail: Кушетка электромеханическая ZERTS с 1 эл. приводом,
Прочее оборудование,P1,research-model,1 электропривод характеристики,Product Detail: Кушетка электромеханическая ZERTS с 1 эл. приводом,
Видеоэндоскопические системы,P0,exact-model,sonoscape hd-550,Product Detail: Видеоэндоскопическая система SonoScape HD-550,
Видеоэндоскопические системы,P0,commercial-model,sonoscape hd-550 купить,Product Detail: Видеоэндоскопическая система SonoScape HD-550,
Видеоэндоскопические системы,P0,commercial-model,sonoscape hd-550 цена,Product Detail: Видеоэндоскопическая система SonoScape HD-550,
Видеоэндоскопические системы,P0,research-model,hd-550 характеристики,Product Detail: Видеоэндоскопическая система SonoScape HD-550,
Эндоскопия,P0,commercial-category,оборудование для эндоскопии,/catalog/endoskopiya,
Эндоскопия,P0,commercial-category,эндоскопическое оборудование купить,/catalog/endoskopiya,
Эндоскопия,P0,solution,оснащение эндоскопического отделения,/catalog/endoskopiya,
Видеоэндоскопические системы,P0,commercial-category,видеоэндоскопическая система,/catalog/endoskopiya/videoendoskopicheskie-sistemy,
Видеоэндоскопические системы,P0,commercial-category,видеоэндоскопическая система купить,/catalog/endoskopiya/videoendoskopicheskie-sistemy,
Видеоэндоскопические системы,P0,commercial-category,эндоскопическая система для клиники,/catalog/endoskopiya/videoendoskopicheskie-sistemy,
Портативная бронхоскопия,P0,solution,портативный видеобронхоскоп,/solutions/portativnaya-bronkhoskopiya,
Портативная бронхоскопия,P0,commercial-category,портативный бронхоскоп купить,/solutions/portativnaya-bronkhoskopiya,
Портативная бронхоскопия,P0,solution,мобильная бронхоскопия оборудование,/solutions/portativnaya-bronkhoskopiya,
Обработка эндоскопов,P0,commercial-category,мойка эндоскопов,/catalog/endoskopiya/obrabotka-endoskopov,
Обработка эндоскопов,P0,commercial-category,мойка эндоскопов купить,/catalog/endoskopiya/obrabotka-endoskopov,
Обработка эндоскопов,P0,commercial-category,репроцессор эндоскопов,/catalog/endoskopiya/obrabotka-endoskopov,
Обработка эндоскопов,P0,solution,оборудование для обработки эндоскопов,/catalog/endoskopiya/obrabotka-endoskopov,
ИВЛ,P1,commercial-category,транспортный аппарат ивл,/catalog/reanimatsiya/transportnye-apparaty-ivl,
ИВЛ,P1,solution,аппарат ивл для транспортировки пациента,/catalog/reanimatsiya/transportnye-apparaty-ivl,
Анестезия,P1,commercial-category,наркозно дыхательный аппарат,/catalog/anesteziologiya/narkozno-dykhatelnye-apparaty,
Анестезия,P1,commercial-category,анестезиологическая станция,/catalog/anesteziologiya/narkozno-dykhatelnye-apparaty,
