scope,manufacturer,model,product_name,source_category,source_url,seo_title,meta_description,h1,index,canonical_rule,primary_query,secondary_query_1,secondary_query_2
EndoMarket new,Medinova,HV-3101,Видеопроцессор HV-3101 Medinova,Видеоэндоскопические системы,https://endomarket.ru/products/videoprotsessor-hv-3101-medinova,Видеопроцессор HV-3101 Medinova | Кибермедика,"Видеопроцессор HV-3101 Medinova: характеристики, описание, комплектация и применение. Подбор оборудования и запрос коммерческого предложения в Кибермедика.",Видеопроцессор HV-3101 Medinova,true,existing production Product canonical URL,medinova hv-3101,hv-3101 купить,эндоскопическое оборудование
EndoMarket new,Medinova,AF,Гибкий видеобронхоскоп Medinova AF,Видеобронхоскопы,https://endomarket.ru/products/gibkij-videobronhoskop-medinova-af,Гибкий видеобронхоскоп Medinova AF | Кибермедика,"Гибкий видеобронхоскоп Medinova AF: характеристики, описание, комплектация и применение. Подбор оборудования и запрос коммерческого предложения в Кибермедика.",Гибкий видеобронхоскоп Medinova AF,true,existing production Product canonical URL,medinova af,af купить,видеобронхоскоп
EndoMarket new,Medinova,BR-1231,Видеобронхоскоп BR-1231 Medinova,Видеобронхоскопы,https://endomarket.ru/products/gibkij-videobronhoskop-medinova,Видеобронхоскоп BR-1231 Medinova | Кибермедика,"Видеобронхоскоп BR-1231 Medinova: характеристики, описание, комплектация и применение. Подбор оборудования и запрос коммерческого предложения в Кибермедика.",Видеобронхоскоп BR-1231 Medinova,true,existing production Product canonical URL,medinova br-1231,br-1231 купить,видеобронхоскоп
EndoMarket new,Medinova,BR-1242,Видеобронхоскоп BR-1242 Medinova,Видеобронхоскопы,https://endomarket.ru/products/gibkij-videobronhoskop-medinova,Видеобронхоскоп BR-1242 Medinova | Кибермедика,"Видеобронхоскоп BR-1242 Medinova: характеристики, описание, комплектация и применение. Подбор оборудования и запрос коммерческого предложения в Кибермедика.",Видеобронхоскоп BR-1242 Medinova,true,existing production Product canonical URL,medinova br-1242,br-1242 купить,видеобронхоскоп
EndoMarket new,Medinova,BR-1249,Видеобронхоскоп BR-1249 Medinova,Видеобронхоскопы,https://endomarket.ru/products/gibkij-videobronhoskop-medinova,Видеобронхоскоп BR-1249 Medinova | Кибермедика,"Видеобронхоскоп BR-1249 Medinova: характеристики, описание, комплектация и применение. Подбор оборудования и запрос коммерческого предложения в Кибермедика.",Видеобронхоскоп BR-1249 Medinova,true,existing production Product canonical URL,medinova br-1249,br-1249 купить,видеобронхоскоп
EndoMarket new,Medinova,BR-1259,Видеобронхоскоп BR-1259 Medinova,Видеобронхоскопы,https://endomarket.ru/products/gibkij-videobronhoskop-medinova,Видеобронхоскоп BR-1259 Medinova | Кибермедика,"Видеобронхоскоп BR-1259 Medinova: характеристики, описание, комплектация и применение. Подбор оборудования и запрос коммерческого предложения в Кибермедика.",Видеобронхоскоп BR-1259 Medinova,true,existing production Product canonical URL,medinova br-1259,br-1259 купить,видеобронхоскоп
EndoMarket new,Medinova,UR-1328,Видеоуретерореноскоп UR-1328 Medinova,Видеоуретроскопы,https://endomarket.ru/products/gibkij-videouretroskop-medinova,Видеоуретерореноскоп UR-1328 Medinova | Кибермедика,"Видеоуретерореноскоп UR-1328 Medinova: характеристики, описание, комплектация и применение. Подбор оборудования и запрос коммерческого предложения в Кибермедика.",Видеоуретерореноскоп UR-1328 Medinova,true,existing production Product canonical URL,medinova ur-1328,ur-1328 купить,видеоуретроскопы
EndoMarket new,Medinova,CY-1355,Видеоцистонефроскоп CY-1355 Medinova,Видеоцистоскопы,https://endomarket.ru/products/gibkij-videotsistonefroskop-medinova,Видеоцистонефроскоп CY-1355 Medinova | Кибермедика,"Видеоцистонефроскоп CY-1355 Medinova: характеристики, описание, комплектация и применение. Подбор оборудования и запрос коммерческого предложения в Кибермедика.",Видеоцистонефроскоп CY-1355 Medinova,true,existing production Product canonical URL,medinova cy-1355,cy-1355 купить,видеоцистоскопы
EndoMarket new,Medinova,CY-1356,Видеоцистонефроскоп CY-1356 Medinova,Видеоцистоскопы,https://endomarket.ru/products/gibkij-videotsistonefroskop-medinova,Видеоцистонефроскоп CY-1356 Medinova | Кибермедика,"Видеоцистонефроскоп CY-1356 Medinova: характеристики, описание, комплектация и применение. Подбор оборудования и запрос коммерческого предложения в Кибермедика.",Видеоцистонефроскоп CY-1356 Medinova,true,existing production Product canonical URL,medinova cy-1356,cy-1356 купить,видеоцистоскопы
EndoMarket new,Medinova,19 HD,"Медицинский монитор Medinova 19"" HD",Медицинские мониторы,https://endomarket.ru/products/meditsinskij-monitor-medinova-19-hd,"Медицинский монитор Medinova 19"" HD | Кибермедика","Медицинский монитор Medinova 19"" HD: характеристики, описание, комплектация и применение. Подбор оборудования и запрос коммерческого предложения в Кибермедика.","Медицинский монитор Medinova 19"" HD",true,existing production Product canonical URL,medinova 19 hd,19 hd купить,медицинский монитор
EndoMarket new,Medinova,24 Full HD,"Медицинский монитор Medinova 24"" Full HD",Медицинские мониторы,https://endomarket.ru/products/meditsinskij-monitor-medinova-24-full-hd,"Медицинский монитор Medinova 24"" Full HD | Кибермедика","Медицинский монитор Medinova 24"" Full HD: характеристики, описание, комплектация и применение. Подбор оборудования и запрос коммерческого предложения в Кибермедика.","Медицинский монитор Medinova 24"" Full HD",true,existing production Product canonical URL,medinova 24 full hd,24 full hd купить,медицинский монитор
EndoMarket new,Medinova,27 Full HD,"Медицинский монитор Medinova 27"" Full HD",Медицинские мониторы,https://endomarket.ru/products/meditsinskij-monitor-medinova-27-full-hd,"Медицинский монитор Medinova 27"" Full HD | Кибермедика","Медицинский монитор Medinova 27"" Full HD: характеристики, описание, комплектация и применение. Подбор оборудования и запрос коммерческого предложения в Кибермедика.","Медицинский монитор Medinova 27"" Full HD",true,existing production Product canonical URL,medinova 27 full hd,27 full hd купить,медицинский монитор
EndoMarket new,Medinova,32 4K,"Медицинский монитор Medinova 32"" 4K",Медицинские мониторы,https://endomarket.ru/products/meditsinskij-monitor-medinova-32-4k,"Медицинский монитор Medinova 32"" 4K | Кибермедика","Медицинский монитор Medinova 32"" 4K: характеристики, описание, комплектация и применение. Подбор оборудования и запрос коммерческого предложения в Кибермедика.","Медицинский монитор Medinova 32"" 4K",true,existing production Product canonical URL,medinova 32 4k,32 4k купить,медицинский монитор
EndoMarket new,Medinova,55 4K,"Медицинский монитор Medinova 55"" 4K",Медицинские мониторы,https://endomarket.ru/products/meditsinskij-monitor-medinova-55-4k,"Медицинский монитор Medinova 55"" 4K | Кибермедика","Медицинский монитор Medinova 55"" 4K: характеристики, описание, комплектация и применение. Подбор оборудования и запрос коммерческого предложения в Кибермедика.","Медицинский монитор Medinova 55"" 4K",true,existing production Product canonical URL,medinova 55 4k,55 4k купить,медицинский монитор
EndoMarket new,SonoScape,EG-UR5,Видеогастроскоп SonoScape EG-UR5,Видеогастроскопы,https://endomarket.ru/products/videogastroskop-sonoscape-eg-ur5,Видеогастроскоп SonoScape EG-UR5 | Кибермедика,"Видеогастроскоп SonoScape EG-UR5: характеристики, описание, комплектация и применение. Подбор оборудования и запрос коммерческого предложения в Кибермедика.",Видеогастроскоп SonoScape EG-UR5,true,existing production Product canonical URL,sonoscape eg-ur5,eg-ur5 купить,видеогастроскоп
EndoMarket new,SonoScape,EG-UC5T,Видеогастроскоп SonoScape EG-UC5T,Видеогастроскопы,https://endomarket.ru/products/videogastroskop-sonoscape-eg-uc5t,Видеогастроскоп SonoScape EG-UC5T | Кибермедика,"Видеогастроскоп SonoScape EG-UC5T: характеристики, описание, комплектация и применение. Подбор оборудования и запрос коммерческого предложения в Кибермедика.",Видеогастроскоп SonoScape EG-UC5T,true,existing production Product canonical URL,sonoscape eg-uc5t,eg-uc5t купить,видеогастроскоп
EndoMarket new,SonoScape,EG-500,Видеогастроскоп SonoScape EG-500,Видеогастроскопы,https://endomarket.ru/products/videogastroskop-sonoscape-eg-500,Видеогастроскоп SonoScape EG-500 | Кибермедика,"Видеогастроскоп SonoScape EG-500: характеристики, описание, комплектация и применение. Подбор оборудования и запрос коммерческого предложения в Кибермедика.",Видеогастроскоп SonoScape EG-500,true,existing production Product canonical URL,sonoscape eg-500,eg-500 купить,видеогастроскоп
EndoMarket new,SonoScape,EG-500L,Видеогастроскоп SonoScape EG-500L,Видеогастроскопы,https://endomarket.ru/products/videogastroskop-sonoscape-eg-500l,Видеогастроскоп SonoScape EG-500L | Кибермедика,"Видеогастроскоп SonoScape EG-500L: характеристики, описание, комплектация и применение. Подбор оборудования и запрос коммерческого предложения в Кибермедика.",Видеогастроскоп SonoScape EG-500L,true,existing production Product canonical URL,sonoscape eg-500l,eg-500l купить,видеогастроскоп
EndoMarket new,SonoScape,EG-430,Видеогастроскоп SonoScape EG-430,Видеогастроскопы,https://endomarket.ru/products/videogastroskop-sonoscape-eg-430,Видеогастроскоп SonoScape EG-430 | Кибермедика,"Видеогастроскоп SonoScape EG-430: характеристики, описание, комплектация и применение. Подбор оборудования и запрос коммерческого предложения в Кибермедика.",Видеогастроскоп SonoScape EG-430,true,existing production Product canonical URL,sonoscape eg-430,eg-430 купить,видеогастроскоп
EndoMarket new,SonoScape,EG-430L,Видеогастроскоп SonoScape EG-430L,Видеогастроскопы,https://endomarket.ru/products/videogastroskop-sonoscape-eg-430l,Видеогастроскоп SonoScape EG-430L | Кибермедика,"Видеогастроскоп SonoScape EG-430L: характеристики, описание, комплектация и применение. Подбор оборудования и запрос коммерческого предложения в Кибермедика.",Видеогастроскоп SonoScape EG-430L,true,existing production Product canonical URL,sonoscape eg-430l,eg-430l купить,видеогастроскоп
EndoMarket new,SonoScape,EC-500T,Видеоколоноскоп SonoScape EC-500T,Видеоколоноскопы,https://endomarket.ru/products/videokolonoskop-sonoscape-es-500t,Видеоколоноскоп SonoScape EC-500T | Кибермедика,"Видеоколоноскоп SonoScape EC-500T: характеристики, описание, комплектация и применение. Подбор оборудования и запрос коммерческого предложения в Кибермедика.",Видеоколоноскоп SonoScape EC-500T,true,existing production Product canonical URL,sonoscape ec-500t,ec-500t купить,видеоколоноскоп
EndoMarket new,SonoScape,EC-500L/T,Видеоколоноскоп SonoScape EC-500L/T,Видеоколоноскопы,https://endomarket.ru/products/videokolonoskop-sonoscape-es-500lt,Видеоколоноскоп SonoScape EC-500L/T | Кибермедика,"Видеоколоноскоп SonoScape EC-500L/T: характеристики, описание, комплектация и применение. Подбор оборудования и запрос коммерческого предложения в Кибермедика.",Видеоколоноскоп SonoScape EC-500L/T,true,existing production Product canonical URL,sonoscape ec-500l/t,ec-500l/t купить,видеоколоноскоп
EndoMarket new,SonoScape,EC-430T,Видеоколоноскоп SonoScape EC-430T,Видеоколоноскопы,https://endomarket.ru/products/videokolonoskop-sonoscape-ec-430t,Видеоколоноскоп SonoScape EC-430T | Кибермедика,"Видеоколоноскоп SonoScape EC-430T: характеристики, описание, комплектация и применение. Подбор оборудования и запрос коммерческого предложения в Кибермедика.",Видеоколоноскоп SonoScape EC-430T,true,existing production Product canonical URL,sonoscape ec-430t,ec-430t купить,видеоколоноскоп
EndoMarket new,SonoScape,EC-430L/T,Видеоколоноскоп SonoScape EC-430L/T,Видеоколоноскопы,https://endomarket.ru/products/videokolonoskop-sonoscape-ec-430lt,Видеоколоноскоп SonoScape EC-430L/T | Кибермедика,"Видеоколоноскоп SonoScape EC-430L/T: характеристики, описание, комплектация и применение. Подбор оборудования и запрос коммерческого предложения в Кибермедика.",Видеоколоноскоп SonoScape EC-430L/T,true,existing production Product canonical URL,sonoscape ec-430l/t,ec-430l/t купить,видеоколоноскоп
EndoMarket new,SonoScape,EB-5H20,Видеобронхоскоп SonoScape EB-5H20,Видеобронхоскопы,https://endomarket.ru/products/videobronhoskop-sonoscape-eb-5h20,Видеобронхоскоп SonoScape EB-5H20 | Кибермедика,"Видеобронхоскоп SonoScape EB-5H20: характеристики, описание, комплектация и применение. Подбор оборудования и запрос коммерческого предложения в Кибермедика.",Видеобронхоскоп SonoScape EB-5H20,true,existing production Product canonical URL,sonoscape eb-5h20,eb-5h20 купить,видеобронхоскоп
EndoMarket new,SonoScape,EB-5T28,Видеобронхоскоп SonoScape EB-5T28,Видеобронхоскопы,https://endomarket.ru/products/videobronhoskop-sonoscape-eb-5t28,Видеобронхоскоп SonoScape EB-5T28 | Кибермедика,"Видеобронхоскоп SonoScape EB-5T28: характеристики, описание, комплектация и применение. Подбор оборудования и запрос коммерческого предложения в Кибермедика.",Видеобронхоскоп SonoScape EB-5T28,true,existing production Product canonical URL,sonoscape eb-5t28,eb-5t28 купить,видеобронхоскоп
EndoMarket new,SonoScape,EB-500,Видеобронхоскоп SonoScape EB-500,Видеобронхоскопы,https://endomarket.ru/products/videobronhoskop-sonoscape-eb-500,Видеобронхоскоп SonoScape EB-500 | Кибермедика,"Видеобронхоскоп SonoScape EB-500: характеристики, описание, комплектация и применение. Подбор оборудования и запрос коммерческого предложения в Кибермедика.",Видеобронхоскоп SonoScape EB-500,true,existing production Product canonical URL,sonoscape eb-500,eb-500 купить,видеобронхоскоп
EndoMarket new,SonoScape,ED-5GT,Видеодуоденоскоп SonoScape ED-5GT,Видеодуоденоскопы,https://endomarket.ru/products/videoduodenoskop-sonoscape-ed-5gt,Видеодуоденоскоп SonoScape ED-5GT | Кибермедика,"Видеодуоденоскоп SonoScape ED-5GT: характеристики, описание, комплектация и применение. Подбор оборудования и запрос коммерческого предложения в Кибермедика.",Видеодуоденоскоп SonoScape ED-5GT,true,existing production Product canonical URL,sonoscape ed-5gt,ed-5gt купить,видеодуоденоскоп
EndoMarket new,Medinova,ENDO CLEAN-1000,Установка для мойки и дезинфекции ENDO CLEAN-1000 MEDINOVA,Оборудование для дезинфекции,https://endomarket.ru/products/ustanovka-dlya-mojki-i-dezinfektsii-endo-clean-1000-medinova,Установка для мойки и дезинфекции ENDO CLEAN-1000 MEDINOVA | Кибермедика,"Medinova ENDO CLEAN-1000: характеристики, описание и комплектация. Подбор оборудования и запрос коммерческого предложения в Кибермедика.",Установка для мойки и дезинфекции ENDO CLEAN-1000 MEDINOVA,true,existing production Product canonical URL,medinova endo clean-1000,endo clean-1000 купить,оборудование для дезинфекции
EndoMarket new,Medinova,ENDO CLEAN-2000,Установка для мойки и дезинфекции ENDO CLEAN-2000 MEDINOVA,Оборудование для дезинфекции,https://endomarket.ru/products/ustanovka-dlya-mojki-i-dezinfektsii-endo-clean-2000-medinova,Установка для мойки и дезинфекции ENDO CLEAN-2000 MEDINOVA | Кибермедика,"Medinova ENDO CLEAN-2000: характеристики, описание и комплектация. Подбор оборудования и запрос коммерческого предложения в Кибермедика.",Установка для мойки и дезинфекции ENDO CLEAN-2000 MEDINOVA,true,existing production Product canonical URL,medinova endo clean-2000,endo clean-2000 купить,оборудование для дезинфекции
EndoMarket new,Medinova,EC-5BD,Шкаф для сушки и хранения эндоскопов EC-5BD,Системы хранения,https://endomarket.ru/products/shkaf-dlya-sushki-i-hraneniya-endoskopov-ec-5bd,Шкаф для сушки и хранения эндоскопов EC-5BD | Кибермедика,"Шкаф для сушки и хранения эндоскопов EC-5BD: характеристики, описание, комплектация и применение. Подбор оборудования и запрос коммерческого предложения в Кибермедика.",Шкаф для сушки и хранения эндоскопов EC-5BD,true,existing production Product canonical URL,medinova ec-5bd,ec-5bd купить,системы хранения
EndoMarket new,Medinova,EC-10BD,Шкаф для сушки и хранения эндоскопов EC-10BD,Системы хранения,https://endomarket.ru/products/shkaf-dlya-sushki-i-hraneniya-endoskopov-ec-10bd,Шкаф для сушки и хранения эндоскопов EC-10BD | Кибермедика,"Шкаф для сушки и хранения эндоскопов EC-10BD: характеристики, описание, комплектация и применение. Подбор оборудования и запрос коммерческого предложения в Кибермедика.",Шкаф для сушки и хранения эндоскопов EC-10BD,true,existing production Product canonical URL,medinova ec-10bd,ec-10bd купить,системы хранения
EndoMarket new,ERBE,VIO + APC 2,Рабочая станция ERBE VIO с аргоновым модулем APC 2,Электрохирургические блоки,https://endomarket.ru/products/rabochaya-stantsiya-erbe-vio-s-argonovym-modulem-apc-2,Рабочая станция ERBE VIO с аргоновым модулем APC 2 | Кибермедика,"Рабочая станция ERBE VIO с аргоновым модулем APC 2: характеристики, описание, комплектация и применение. Подбор оборудования и запрос коммерческого предложения в Кибермедика.",Рабочая станция ERBE VIO с аргоновым модулем APC 2,true,existing production Product canonical URL,erbe vio + apc 2,vio + apc 2 купить,электрохирургические блоки
EndoMarket new,ERBE,VIO 200 S,Коагулятор ERBE VIO 200 S,Электрохирургические блоки,https://endomarket.ru/products/koagulyator-erbe-vio-200-s,Коагулятор ERBE VIO 200 S | Кибермедика,"Коагулятор ERBE VIO 200 S: характеристики, описание, комплектация и применение. Подбор оборудования и запрос коммерческого предложения в Кибермедика.",Коагулятор ERBE VIO 200 S,true,existing production Product canonical URL,erbe vio 200 s,vio 200 s купить,электрохирургические блоки
EndoMarket new,ERBE,VIO 200 D,Коагулятор ERBE VIO 200 D,Электрохирургические блоки,https://endomarket.ru/products/koagulyator-erbe-vio-200-d,Коагулятор ERBE VIO 200 D | Кибермедика,"Коагулятор ERBE VIO 200 D: характеристики, описание, комплектация и применение. Подбор оборудования и запрос коммерческого предложения в Кибермедика.",Коагулятор ERBE VIO 200 D,true,existing production Product canonical URL,erbe vio 200 d,vio 200 d купить,электрохирургические блоки
EndoMarket new,ERBE,VIO 3,Коагулятор ERBE VIO 3,Электрохирургические блоки,https://endomarket.ru/products/koagulyator-erbe-vio-3,Коагулятор ERBE VIO 3 | Кибермедика,"Коагулятор ERBE VIO 3: характеристики, описание, комплектация и применение. Подбор оборудования и запрос коммерческого предложения в Кибермедика.",Коагулятор ERBE VIO 3,true,existing production Product canonical URL,erbe vio 3,vio 3 купить,электрохирургические блоки
EndoMarket new,BOWA,ARC 303,Электрохирургический аппарат ARC 303,Электрохирургические блоки,https://endomarket.ru/products/elektrohirurgicheskij-apparat-arc-303,Электрохирургический аппарат ARC 303 | Кибермедика,"Электрохирургический аппарат ARC 303: характеристики, описание, комплектация и применение. Подбор оборудования и запрос коммерческого предложения в Кибермедика.",Электрохирургический аппарат ARC 303,true,existing production Product canonical URL,bowa arc 303,arc 303 купить,электрохирургические блоки
EndoMarket new,BOWA,ARC 350,Электрохирургический аппарат ARC 350,Электрохирургические блоки,https://endomarket.ru/products/elektrohirurgicheskij-apparat-arc-350,Электрохирургический аппарат ARC 350 | Кибермедика,"Электрохирургический аппарат ARC 350: характеристики, описание, комплектация и применение. Подбор оборудования и запрос коммерческого предложения в Кибермедика.",Электрохирургический аппарат ARC 350,true,existing production Product canonical URL,bowa arc 350,arc 350 купить,электрохирургические блоки
EndoMarket new,BOWA,ARC 400,Электрохирургический аппарат ARC 400,Электрохирургические блоки,https://endomarket.ru/products/elektrohirurgicheskij-apparat-arc-400,Электрохирургический аппарат ARC 400 | Кибермедика,"Электрохирургический аппарат ARC 400: характеристики, описание, комплектация и применение. Подбор оборудования и запрос коммерческого предложения в Кибермедика.",Электрохирургический аппарат ARC 400,true,existing production Product canonical URL,bowa arc 400,arc 400 купить,электрохирургические блоки
EndoMarket new,iLivTouch,iLivTouch,Аппарат для диагностики печени iLivTouch,Прочее оборудование,https://endomarket.ru/products/apparat-dlya-diagnostiki-pecheni-ilivtouch,Аппарат для диагностики печени iLivTouch | Кибермедика,"Аппарат для диагностики печени iLivTouch: характеристики, описание, комплектация и применение. Подбор оборудования и запрос коммерческого предложения в Кибермедика.",Аппарат для диагностики печени iLivTouch,true,existing production Product canonical URL,ilivtouch ilivtouch,ilivtouch купить,прочее оборудование
EndoMarket new,MET,KS-350,Смотровой стол МЕТ KS-350,Прочее оборудование,https://endomarket.ru/products/smotrovoj-stol-met-ks-350,Смотровой стол МЕТ KS-350 | Кибермедика,"Смотровой стол МЕТ KS-350: характеристики, описание, комплектация и применение. Подбор оборудования и запрос коммерческого предложения в Кибермедика.",Смотровой стол МЕТ KS-350,true,existing production Product canonical URL,met ks-350,ks-350 купить,прочее оборудование
EndoMarket new,ZERTS,1 электропривод,Кушетка электромеханическая ZERTS с 1 эл. приводом,Прочее оборудование,https://endomarket.ru/products/kushetka-elektromehanicheskaya-zerts,Кушетка электромеханическая ZERTS с 1 эл. приводом | Кибермедика,"Кушетка электромеханическая ZERTS с 1 эл. приводом: характеристики, описание, комплектация и применение. Подбор оборудования и запрос коммерческого предложения в Кибермедика.",Кушетка электромеханическая ZERTS с 1 эл. приводом,true,existing production Product canonical URL,zerts 1 электропривод,1 электропривод купить,прочее оборудование
HD-550 new,SonoScape,HD-550,Видеоэндоскопическая система SonoScape HD-550,Видеоэндоскопические системы,https://sonoscape.com.ru/catalog/videoendoskopicheskaya-sistema-hd-550/,SonoScape HD-550 — видеоэндоскопическая система | Кибермедика,"Видеоэндоскопическая система SonoScape HD-550: характеристики, состав системы, совместимое оборудование и запрос коммерческого предложения.",Видеоэндоскопическая система SonoScape HD-550,true,existing production Product canonical URL,sonoscape hd-550,sonoscape hd 550 купить,видеоэндоскопическая система sonoscape
